Session,Final Position,Own VWAP,Market VWAP,Slippage,Interval Ticks
1,100000.0,25.08,25.05,0.03,4
2,100000.0,25.06,25.03,0.03,4
3,100000.0,25.02,25.0,0.02,4
4,100000.0,25.02,24.98,0.04,4
5,100000.0,24.98,24.96,0.02,4
6,100000.0,24.97,24.95,0.02,4
7,100000.0,24.95,24.93,0.02,4
8,100000.0,24.9,24.89,0.01,4
9,100000.0,24.96,24.94,0.02,4
10,100000.0,25.01,24.98,0.03,4
11,100000.0,25.05,25.03,0.02,4
12,100000.0,24.97,24.93,0.04,4
13,100000.0,25.09,25.07,0.02,4
14,100000.0,25.09,25.06,0.03,4
15,100000.0,25.03,25.0,0.03,4
16,100000.0,24.91,24.89,0.02,4
17,100000.0,24.97,24.97,0.0,4
18,100000.0,24.97,24.95,0.02,4
19,100000.0,25.08,25.06,0.02,4
20,100000.0,24.98,24.95,0.03,4
21,100000.0,25.01,25.0,0.01,4
22,100000.0,24.99,25.0,-0.01,4
23,100000.0,24.88,24.85,0.03,4
24,100000.0,25.09,25.07,0.02,4
25,100000.0,24.99,24.98,0.01,4
26,100000.0,25.01,24.99,0.02,4
