Session,Final Position,Execution VWAP,Market VWAP,Implementation Shortfall,Offset,Sweep Shares
1,100000.0,25.05,25.06,-0.01,0.0,3856
2,100000.0,24.98,24.99,-0.01,0.0,3856
3,100000.0,24.91,24.91,0.0,0.0,0
4,100000.0,24.99,25.0,-0.01,0.0,3456
5,100000.0,24.96,24.97,-0.01,0.0,0
6,100000.0,24.96,24.95,0.01,0.0,0
7,100000.0,24.99,24.99,0.0,0.0,7714
8,100000.0,25.02,25.04,-0.02,0.0,3856
9,100000.0,24.93,24.92,0.01,0.0,3856
10,100000.0,24.98,24.98,0.0,0.0,0
11,100000.0,25.03,25.04,-0.01,0.0,0
12,100000.0,24.97,24.98,-0.01,0.0,3856
13,100000.0,24.98,24.98,0.0,0.0,0
14,100000.0,24.96,24.96,0.0,0.0,4055
15,100000.0,25.04,25.04,0.0,0.0,7714
16,100000.0,24.98,24.99,-0.01,0.0,3856
17,100000.0,24.97,24.98,-0.01,0.0,3856
18,100000.0,24.92,24.93,-0.01,0.0,3856
19,100000.0,24.96,24.97,-0.01,0.0,0
20,100000.0,24.91,24.91,0.0,0.0,3856
21,100000.0,25.03,25.02,0.01,0.0,3856
22,100000.0,24.99,25.0,-0.01,0.0,0
23,100000.0,25.0,25.0,0.0,0.0,3856
24,103856.0,25.01,25.02,-0.01,0.0,3856
25,100000.0,25.03,25.03,0.0,0.0,3856
26,100000.0,25.04,25.04,0.0,0.0,3856
27,100000.0,25.06,25.06,0.0,0.0,3856
28,103358.0,25.01,25.01,0.0,0.0,0
29,100000.0,24.98,24.99,-0.01,0.0,7714
30,100000.0,25.01,25.01,0.0,0.0,0
31,113653.0,24.93,24.93,0.0,0.0,13653
32,92286.0,25.02,25.03,-0.01,0.0,0
33,100000.0,25.14,25.14,0.0,0.0,2475
34,100000.0,24.93,24.95,-0.02,0.0,3856
35,100000.0,25.03,25.04,-0.01,0.0,0
36,100000.0,25.04,25.03,0.01,0.0,0
37,100000.0,24.97,24.97,0.0,0.0,0
38,100000.0,25.06,25.06,0.0,0.0,3856
39,100000.0,25.0,25.01,-0.01,0.0,914
40,100000.0,24.95,24.96,-0.01,0.0,3856
41,100000.0,24.87,24.9,-0.03,0.0,0
42,100000.0,25.02,25.02,0.0,0.0,3856
43,100000.0,25.04,25.04,0.0,0.0,3856
44,100000.0,25.01,25.02,-0.01,0.0,3856
45,100000.0,24.96,24.96,0.0,0.0,0
46,100000.0,24.96,24.97,-0.01,0.0,0
47,100000.0,24.95,24.95,0.0,0.0,3856
48,100000.0,25.08,25.08,0.0,0.0,3856
49,100000.0,25.07,25.08,-0.01,0.0,0
50,100000.0,25.06,25.07,-0.01,0.0,0
