Session,Own VWAP,Market VWAP,Implementation Shortfall
1,25.01,24.95,0.06
2,25.0,24.98,0.02
3,25.02,25.08,-0.06
4,25.02,24.94,0.08
5,25.01,25.0,0.01
6,25.05,25.01,0.04
7,25.02,24.95,0.07
8,25.02,25.07,-0.05
9,25.11,25.09,0.02
10,25.07,24.99,0.08
11,25.09,25.12,-0.03
12,25.02,25.03,-0.01
13,25.0,24.96,0.04
14,25.01,25.0,0.01
15,25.06,24.89,0.17
16,25.01,25.0,0.01
17,25.01,25.02,-0.01
18,25.07,25.13,-0.06
19,25.01,25.07,-0.06
20,25.0,25.04,-0.04
21,25.03,24.99,0.04
22,25.06,25.1,-0.04
23,25.01,25.02,-0.01
24,25.0,25.04,-0.04
25,25.01,25.05,-0.04
26,25.06,25.08,-0.02
27,25.03,25.0,0.03
28,25.02,24.99,0.03
29,25.03,25.03,0.0
30,25.04,25.08,-0.04
31,25.1,24.94,0.16
32,25.0,25.04,-0.04
33,25.01,25.04,-0.03
34,25.0,24.92,0.08
35,25.05,25.01,0.04
36,25.01,25.13,-0.12
37,25.05,25.04,0.01
38,25.01,24.98,0.03
39,25.01,25.06,-0.05
40,25.01,24.87,0.14
41,25.02,24.96,0.06
42,25.01,24.98,0.03
43,25.23,25.06,0.17
44,25.03,25.1,-0.07
45,25.0,24.96,0.04
46,25.15,24.99,0.16
47,25.09,25.01,0.08
48,25.03,24.99,0.04
49,25.03,24.87,0.16
50,25.08,25.04,0.04
Mean,25.036,25.014,0.023
Std Dev,0.044,0.062,0.068
