Session,Final Position,Own VWAP,Market VWAP,Implementation Shortfall
1,100000.0,25.01,24.95,0.06
2,100000.0,25.0,24.98,0.02
3,100000.0,25.02,25.08,-0.06
4,100000.0,25.02,24.94,0.08
5,100000.0,25.01,25.0,0.01
6,100000.0,25.05,25.01,0.04
7,100000.0,25.02,24.95,0.07
8,100000.0,25.02,25.07,-0.05
9,100000.0,25.11,25.09,0.02
10,100000.0,25.07,24.99,0.08
11,100000.0,25.09,25.12,-0.03
12,100000.0,25.02,25.03,-0.01
13,100000.0,25.0,24.96,0.04
14,100000.0,25.01,25.0,0.01
15,100000.0,25.06,24.89,0.17
16,100000.0,25.01,25.0,0.01
17,100000.0,25.01,25.02,-0.01
18,100000.0,25.07,25.13,-0.06
19,100000.0,25.01,25.07,-0.06
20,100000.0,25.0,25.04,-0.04
21,100000.0,25.03,24.99,0.04
22,100000.0,25.06,25.1,-0.04
23,100000.0,25.01,25.02,-0.01
24,100000.0,25.0,25.04,-0.04
25,100000.0,25.01,25.05,-0.04
26,100000.0,25.06,25.08,-0.02
27,100000.0,25.03,25.0,0.03
28,100000.0,25.02,24.99,0.03
29,100000.0,25.03,25.03,0.0
30,100000.0,25.04,25.08,-0.04
31,100000.0,25.1,24.94,0.16
32,100000.0,25.0,25.04,-0.04
33,100000.0,25.01,25.04,-0.03
34,100000.0,25.0,24.92,0.08
35,100000.0,25.05,25.01,0.04
36,100000.0,25.01,25.13,-0.12
37,100000.0,25.05,25.04,0.01
38,100000.0,25.01,24.98,0.03
39,100000.0,25.01,25.06,-0.05
40,100000.0,25.01,24.87,0.14
41,100000.0,25.02,24.96,0.06
42,100000.0,25.01,24.98,0.03
43,100000.0,25.23,25.06,0.17
44,100000.0,25.03,25.1,-0.07
45,100000.0,25.0,24.96,0.04
46,100000.0,25.15,24.99,0.16
47,100000.0,25.09,25.01,0.08
48,100000.0,25.03,24.99,0.04
49,100000.0,25.03,24.87,0.16
50,100000.0,25.08,25.04,0.04
