Session,Tick,Own VWAP,Market VWAP,Slippage
1,4,25.01,24.99,0.02
1,8,25.01,24.98,0.03
1,12,25.01,24.99,0.02
1,16,25.01,24.98,0.03
1,20,25.02,24.99,0.03
1,24,25.02,24.99,0.03
1,28,25.02,25.0,0.02
1,32,25.02,25.0,0.02
1,36,25.02,25.0,0.02
1,40,25.03,25.01,0.02
1,44,25.03,25.01,0.02
1,48,25.03,25.01,0.02
1,52,25.03,25.01,0.02
1,56,25.04,25.01,0.03
1,60,25.04,25.01,0.03
1,64,25.04,25.01,0.03
1,68,25.04,25.01,0.03
1,72,25.04,25.01,0.03
1,76,25.04,25.01,0.03
1,80,25.04,25.01,0.03
1,84,25.04,25.01,0.03
1,88,25.03,25.01,0.02
1,92,25.03,25.01,0.02
1,96,25.03,25.01,0.02
1,100,25.03,25.01,0.02
1,104,25.03,25.01,0.02
1,108,25.03,25.01,0.02
1,112,25.03,25.0,0.03
1,116,25.03,25.0,0.03
1,120,25.03,25.0,0.03
1,124,25.02,25.0,0.02
1,128,25.02,25.0,0.02
1,132,25.02,25.0,0.02
1,136,25.02,25.0,0.02
1,140,25.02,25.0,0.02
1,144,25.02,25.0,0.02
1,148,25.02,24.99,0.03
1,152,25.02,24.99,0.03
1,156,25.02,24.99,0.03
1,160,25.02,24.99,0.03
1,164,25.02,24.99,0.03
1,168,25.02,24.99,0.03
1,172,25.01,24.99,0.02
1,176,25.01,24.99,0.02
1,180,25.01,24.99,0.02
1,184,25.01,24.99,0.02
1,188,25.01,24.99,0.02
1,192,25.01,24.99,0.02
1,196,25.01,24.99,0.02
1,200,25.01,24.99,0.02
1,204,25.01,24.99,0.02
1,208,25.01,24.99,0.02
1,212,25.01,24.99,0.02
1,216,25.01,24.99,0.02
1,220,25.01,24.99,0.02
1,224,25.01,24.99,0.02
1,228,25.01,24.99,0.02
1,232,25.01,24.99,0.02
1,236,25.01,24.99,0.02
1,240,25.01,24.99,0.02
1,244,25.01,24.98,0.03
1,248,25.01,24.98,0.03
1,252,25.01,24.98,0.03
1,256,25.01,24.98,0.03
1,260,25.01,24.98,0.03
1,264,25.01,24.98,0.03
1,268,25.01,24.98,0.03
1,272,25.01,24.98,0.03
1,276,25.01,24.98,0.03
1,280,25.0,24.98,0.02
1,284,25.0,24.98,0.02
1,288,25.0,24.97,0.03
1,292,25.0,24.97,0.03
1,296,25.0,24.97,0.03
1,300,25.0,24.97,0.03
2,4,25.02,24.99,0.03
2,8,25.02,25.0,0.02
2,12,25.02,25.0,0.02
2,16,25.02,25.0,0.02
2,20,25.02,25.0,0.02
2,24,25.01,25.0,0.01
2,28,25.02,25.0,0.02
2,32,25.02,25.0,0.02
2,36,25.02,25.0,0.02
2,40,25.02,25.0,0.02
2,44,25.02,25.0,0.02
2,48,25.02,25.0,0.02
2,52,25.03,25.0,0.03
2,56,25.03,25.0,0.03
2,60,25.03,25.01,0.02
2,64,25.03,25.01,0.02
2,68,25.03,25.01,0.02
2,72,25.04,25.01,0.03
2,76,25.03,25.01,0.02
2,80,25.03,25.01,0.02
2,84,25.03,25.01,0.02
2,88,25.03,25.01,0.02
2,92,25.03,25.01,0.02
2,96,25.03,25.01,0.02
2,100,25.03,25.01,0.02
2,104,25.03,25.01,0.02
2,108,25.03,25.01,0.02
2,112,25.03,25.01,0.02
2,116,25.03,25.01,0.02
2,120,25.03,25.01,0.02
2,124,25.04,25.01,0.03
2,128,25.03,25.01,0.02
2,132,25.03,25.01,0.02
2,136,25.03,25.01,0.02
2,140,25.03,25.01,0.02
2,144,25.03,25.01,0.02
2,148,25.03,25.01,0.02
2,152,25.03,25.01,0.02
2,156,25.03,25.01,0.02
2,160,25.03,25.01,0.02
2,164,25.03,25.01,0.02
2,168,25.03,25.01,0.02
2,172,25.03,25.01,0.02
2,176,25.03,25.01,0.02
2,180,25.03,25.01,0.02
2,184,25.03,25.01,0.02
2,188,25.03,25.01,0.02
2,192,25.03,25.01,0.02
2,196,25.03,25.01,0.02
2,200,25.03,25.01,0.02
2,204,25.04,25.01,0.03
2,208,25.04,25.01,0.03
2,212,25.04,25.01,0.03
2,216,25.04,25.01,0.03
2,220,25.04,25.01,0.03
2,224,25.04,25.01,0.03
2,228,25.03,25.01,0.02
2,232,25.03,25.01,0.02
2,236,25.03,25.01,0.02
2,240,25.03,25.01,0.02
2,244,25.03,25.01,0.02
2,248,25.03,25.01,0.02
2,252,25.03,25.01,0.02
2,256,25.03,25.01,0.02
2,260,25.03,25.01,0.02
2,264,25.03,25.0,0.03
2,268,25.03,25.0,0.03
2,272,25.03,25.0,0.03
2,276,25.03,25.0,0.03
2,280,25.03,25.0,0.03
2,284,25.03,25.0,0.03
2,288,25.03,25.0,0.03
2,292,25.02,25.0,0.02
2,296,25.02,24.99,0.03
2,300,25.02,24.99,0.03
3,4,25.03,25.02,0.01
3,8,25.03,25.02,0.01
3,12,25.05,25.02,0.03
3,16,25.05,25.02,0.03
3,20,25.05,25.02,0.03
3,24,25.05,25.02,0.03
3,28,25.05,25.02,0.03
3,32,25.05,25.02,0.03
3,36,25.04,25.02,0.02
3,40,25.04,25.02,0.02
3,44,25.04,25.02,0.02
3,48,25.04,25.02,0.02
3,52,25.04,25.02,0.02
3,56,25.04,25.01,0.03
3,60,25.04,25.01,0.03
3,64,25.04,25.01,0.03
3,68,25.04,25.01,0.03
3,72,25.04,25.01,0.03
3,76,25.04,25.01,0.03
3,80,25.04,25.01,0.03
3,84,25.04,25.01,0.03
3,88,25.04,25.01,0.03
3,92,25.04,25.01,0.03
3,96,25.04,25.01,0.03
3,100,25.04,25.02,0.02
3,104,25.04,25.02,0.02
3,108,25.04,25.02,0.02
3,112,25.04,25.02,0.02
3,116,25.04,25.02,0.02
3,120,25.04,25.02,0.02
3,124,25.04,25.02,0.02
3,128,25.04,25.02,0.02
3,132,25.05,25.02,0.03
3,136,25.05,25.02,0.03
3,140,25.05,25.02,0.03
3,144,25.05,25.02,0.03
3,148,25.05,25.02,0.03
3,152,25.05,25.02,0.03
3,156,25.05,25.02,0.03
3,160,25.05,25.02,0.03
3,164,25.05,25.02,0.03
3,168,25.04,25.02,0.02
3,172,25.04,25.02,0.02
3,176,25.04,25.02,0.02
3,180,25.04,25.02,0.02
3,184,25.04,25.02,0.02
3,188,25.04,25.02,0.02
3,192,25.04,25.02,0.02
3,196,25.04,25.02,0.02
3,200,25.04,25.02,0.02
3,204,25.04,25.02,0.02
3,208,25.04,25.01,0.03
3,212,25.04,25.01,0.03
3,216,25.03,25.01,0.02
3,220,25.03,25.01,0.02
3,224,25.03,25.01,0.02
3,228,25.03,25.01,0.02
3,232,25.03,25.01,0.02
3,236,25.03,25.01,0.02
3,240,25.03,25.01,0.02
3,244,25.03,25.01,0.02
3,248,25.03,25.0,0.03
3,252,25.03,25.0,0.03
3,256,25.03,25.0,0.03
3,260,25.03,25.0,0.03
3,264,25.02,25.0,0.02
3,268,25.02,25.0,0.02
3,272,25.02,25.0,0.02
3,276,25.02,25.0,0.02
3,280,25.02,25.0,0.02
3,284,25.02,25.0,0.02
3,288,25.02,24.99,0.03
3,292,25.01,24.99,0.02
3,296,25.01,24.99,0.02
3,300,25.01,24.99,0.02
4,4,25.0,24.95,0.05
4,8,25.0,24.95,0.05
4,12,25.0,24.95,0.05
4,16,24.99,24.96,0.03
4,20,24.99,24.96,0.03
4,24,24.99,24.96,0.03
4,28,24.99,24.96,0.03
4,32,24.99,24.96,0.03
4,36,24.99,24.96,0.03
4,40,24.99,24.96,0.03
4,44,24.99,24.96,0.03
4,48,24.99,24.96,0.03
4,52,24.99,24.96,0.03
4,56,24.98,24.96,0.02
4,60,24.98,24.96,0.02
4,64,24.98,24.96,0.02
4,68,24.98,24.96,0.02
4,72,24.98,24.95,0.03
4,76,24.98,24.95,0.03
4,80,24.98,24.95,0.03
4,84,24.98,24.95,0.03
4,88,24.98,24.95,0.03
4,92,24.98,24.95,0.03
4,96,24.98,24.95,0.03
4,100,24.98,24.95,0.03
4,104,24.98,24.95,0.03
4,108,24.98,24.95,0.03
4,112,24.98,24.95,0.03
4,116,24.98,24.95,0.03
4,120,24.98,24.95,0.03
4,124,24.98,24.95,0.03
4,128,24.98,24.95,0.03
4,132,24.97,24.95,0.02
4,136,24.97,24.95,0.02
4,140,24.97,24.95,0.02
4,144,24.97,24.95,0.02
4,148,24.97,24.95,0.02
4,152,24.97,24.95,0.02
4,156,24.97,24.95,0.02
4,160,24.97,24.95,0.02
4,164,24.97,24.95,0.02
4,168,24.97,24.94,0.03
4,172,24.97,24.94,0.03
4,176,24.97,24.94,0.03
4,180,24.97,24.94,0.03
4,184,24.97,24.94,0.03
4,188,24.97,24.94,0.03
4,192,24.97,24.94,0.03
4,196,24.97,24.94,0.03
4,200,24.97,24.94,0.03
4,204,24.97,24.94,0.03
4,208,24.97,24.94,0.03
4,212,24.97,24.94,0.03
4,216,24.97,24.94,0.03
4,220,24.97,24.94,0.03
4,224,24.97,24.94,0.03
4,228,24.96,24.94,0.02
4,232,24.96,24.93,0.03
4,236,24.96,24.93,0.03
4,240,24.96,24.93,0.03
4,244,24.96,24.93,0.03
4,248,24.96,24.93,0.03
4,252,24.96,24.93,0.03
4,256,24.96,24.93,0.03
4,260,24.96,24.93,0.03
4,264,24.96,24.93,0.03
4,268,24.96,24.93,0.03
4,272,24.96,24.93,0.03
4,276,24.96,24.93,0.03
4,280,24.96,24.93,0.03
4,284,24.96,24.93,0.03
4,288,24.96,24.93,0.03
4,292,24.96,24.93,0.03
4,296,24.96,24.93,0.03
4,300,24.96,24.93,0.03
5,4,25.01,25.0,0.01
5,8,25.01,25.0,0.01
5,12,25.01,25.0,0.01
5,16,25.01,25.0,0.01
5,20,25.01,25.0,0.01
5,24,25.01,25.0,0.01
5,28,25.01,25.0,0.01
5,32,25.01,25.0,0.01
5,36,25.01,25.0,0.01
5,40,25.01,25.0,0.01
5,44,25.01,25.0,0.01
5,48,25.01,25.0,0.01
5,52,25.01,25.01,0.0
5,56,25.02,25.01,0.01
5,60,25.02,25.01,0.01
5,64,25.02,25.01,0.01
5,68,25.02,25.01,0.01
5,72,25.02,25.01,0.01
5,76,25.02,25.01,0.01
5,80,25.02,25.01,0.01
5,84,25.02,25.01,0.01
5,88,25.02,25.01,0.01
5,92,25.03,25.01,0.02
5,96,25.03,25.02,0.01
5,100,25.03,25.02,0.01
5,104,25.03,25.02,0.01
5,108,25.03,25.02,0.01
5,112,25.03,25.02,0.01
5,116,25.03,25.02,0.01
5,120,25.03,25.02,0.01
5,124,25.03,25.02,0.01
5,128,25.03,25.02,0.01
5,132,25.04,25.02,0.02
5,136,25.04,25.02,0.02
5,140,25.04,25.02,0.02
5,144,25.04,25.02,0.02
5,148,25.04,25.02,0.02
5,152,25.04,25.02,0.02
5,156,25.04,25.02,0.02
5,160,25.04,25.02,0.02
5,164,25.04,25.02,0.02
5,168,25.04,25.02,0.02
5,172,25.04,25.02,0.02
5,176,25.04,25.02,0.02
5,180,25.04,25.02,0.02
5,184,25.04,25.03,0.01
5,188,25.04,25.03,0.01
5,192,25.04,25.03,0.01
5,196,25.04,25.03,0.01
5,200,25.04,25.03,0.01
5,204,25.04,25.03,0.01
5,208,25.04,25.03,0.01
5,212,25.04,25.03,0.01
5,216,25.04,25.03,0.01
5,220,25.04,25.03,0.01
5,224,25.04,25.03,0.01
5,228,25.04,25.03,0.01
5,232,25.04,25.03,0.01
5,236,25.05,25.03,0.02
5,240,25.05,25.03,0.02
5,244,25.05,25.03,0.02
5,248,25.05,25.03,0.02
5,252,25.05,25.03,0.02
5,256,25.05,25.03,0.02
5,260,25.05,25.03,0.02
5,264,25.05,25.03,0.02
5,268,25.05,25.03,0.02
5,272,25.05,25.03,0.02
5,276,25.05,25.03,0.02
5,280,25.05,25.03,0.02
5,284,25.05,25.03,0.02
5,288,25.05,25.03,0.02
5,292,25.05,25.03,0.02
5,296,25.05,25.03,0.02
5,300,25.05,25.04,0.01
6,4,25.01,25.0,0.01
6,8,25.01,25.0,0.01
6,12,25.01,25.0,0.01
6,16,25.01,25.0,0.01
6,20,25.01,25.0,0.01
6,24,25.01,25.0,0.01
6,28,25.01,25.0,0.01
6,32,25.02,25.0,0.02
6,36,25.02,25.0,0.02
6,40,25.02,25.0,0.02
6,44,25.02,25.0,0.02
6,48,25.02,25.0,0.02
6,52,25.02,25.01,0.01
6,56,25.02,25.01,0.01
6,60,25.03,25.01,0.02
6,64,25.03,25.01,0.02
6,68,25.03,25.02,0.01
6,72,25.03,25.02,0.01
6,76,25.04,25.02,0.02
6,80,25.04,25.02,0.02
6,84,25.04,25.02,0.02
6,88,25.04,25.03,0.01
6,92,25.04,25.03,0.01
6,96,25.04,25.03,0.01
6,100,25.05,25.03,0.02
6,104,25.05,25.03,0.02
6,108,25.05,25.03,0.02
6,112,25.05,25.04,0.01
6,116,25.06,25.04,0.02
6,120,25.06,25.04,0.02
6,124,25.06,25.04,0.02
6,128,25.06,25.05,0.01
6,132,25.06,25.05,0.01
6,136,25.07,25.05,0.02
6,140,25.07,25.05,0.02
6,144,25.07,25.05,0.02
6,148,25.07,25.05,0.02
6,152,25.07,25.05,0.02
6,156,25.07,25.05,0.02
6,160,25.07,25.05,0.02
6,164,25.07,25.06,0.01
6,168,25.08,25.06,0.02
6,172,25.08,25.06,0.02
6,176,25.08,25.06,0.02
6,180,25.08,25.06,0.02
6,184,25.08,25.06,0.02
6,188,25.08,25.06,0.02
6,192,25.08,25.06,0.02
6,196,25.08,25.06,0.02
6,200,25.08,25.06,0.02
6,204,25.08,25.07,0.01
6,208,25.08,25.07,0.01
6,212,25.08,25.07,0.01
6,216,25.09,25.07,0.02
6,220,25.08,25.07,0.01
6,224,25.08,25.07,0.01
6,228,25.09,25.07,0.02
6,232,25.08,25.06,0.02
6,236,25.08,25.06,0.02
6,240,25.08,25.06,0.02
6,244,25.08,25.06,0.02
6,248,25.08,25.06,0.02
6,252,25.08,25.06,0.02
6,256,25.08,25.06,0.02
6,260,25.08,25.06,0.02
6,264,25.08,25.06,0.02
6,268,25.08,25.06,0.02
6,272,25.08,25.06,0.02
6,276,25.08,25.05,0.03
6,280,25.07,25.05,0.02
6,284,25.07,25.05,0.02
6,288,25.07,25.05,0.02
6,292,25.07,25.05,0.02
6,296,25.06,25.04,0.02
6,300,25.06,25.04,0.02
7,4,25.02,25.0,0.02
7,8,25.02,24.99,0.03
7,12,25.0,24.98,0.02
7,16,25.0,24.98,0.02
7,20,25.0,24.98,0.02
7,24,25.0,24.98,0.02
7,28,25.0,24.98,0.02
7,32,25.0,24.97,0.03
7,36,25.0,24.97,0.03
7,40,25.0,24.97,0.03
7,44,25.0,24.97,0.03
7,48,25.0,24.97,0.03
7,52,25.0,24.97,0.03
7,56,25.0,24.97,0.03
7,60,25.0,24.97,0.03
7,64,25.0,24.97,0.03
7,68,25.0,24.97,0.03
7,72,25.0,24.97,0.03
7,76,25.0,24.97,0.03
7,80,25.0,24.97,0.03
7,84,25.0,24.97,0.03
7,88,25.0,24.97,0.03
7,92,25.0,24.97,0.03
7,96,25.0,24.97,0.03
7,100,25.0,24.97,0.03
7,104,25.0,24.97,0.03
7,108,25.01,24.98,0.03
7,112,25.01,24.98,0.03
7,116,25.01,24.98,0.03
7,120,25.01,24.98,0.03
7,124,25.01,24.98,0.03
7,128,25.01,24.98,0.03
7,132,25.01,24.98,0.03
7,136,25.0,24.98,0.02
7,140,25.0,24.98,0.02
7,144,25.0,24.98,0.02
7,148,25.0,24.98,0.02
7,152,25.0,24.98,0.02
7,156,25.0,24.98,0.02
7,160,25.0,24.98,0.02
7,164,25.0,24.98,0.02
7,168,25.01,24.98,0.03
7,172,25.0,24.98,0.02
7,176,25.0,24.98,0.02
7,180,25.0,24.98,0.02
7,184,25.0,24.98,0.02
7,188,25.0,24.98,0.02
7,192,25.0,24.98,0.02
7,196,25.01,24.98,0.03
7,200,25.01,24.98,0.03
7,204,25.01,24.98,0.03
7,208,25.01,24.98,0.03
7,212,25.01,24.98,0.03
7,216,25.01,24.98,0.03
7,220,25.01,24.98,0.03
7,224,25.01,24.98,0.03
7,228,25.01,24.98,0.03
7,232,25.01,24.98,0.03
7,236,25.01,24.98,0.03
7,240,25.01,24.99,0.02
7,244,25.01,24.99,0.02
7,248,25.01,24.99,0.02
7,252,25.01,24.99,0.02
7,256,25.02,24.99,0.03
7,260,25.02,24.99,0.03
7,264,25.02,24.99,0.03
7,268,25.02,24.99,0.03
7,272,25.02,24.99,0.03
7,276,25.02,24.99,0.03
7,280,25.02,24.99,0.03
7,284,25.02,24.99,0.03
7,288,25.02,25.0,0.02
7,292,25.02,25.0,0.02
7,296,25.03,25.0,0.03
7,300,25.03,25.0,0.03
8,4,24.92,24.95,-0.03
8,8,24.98,24.99,-0.01
8,12,25.02,25.0,0.02
8,16,25.03,25.01,0.02
8,20,25.04,25.01,0.03
8,24,25.04,25.02,0.02
8,28,25.04,25.02,0.02
8,32,25.04,25.02,0.02
8,36,25.04,25.01,0.03
8,40,25.04,25.01,0.03
8,44,25.04,25.01,0.03
8,48,25.04,25.01,0.03
8,52,25.04,25.01,0.03
8,56,25.04,25.01,0.03
8,60,25.04,25.01,0.03
8,64,25.04,25.01,0.03
8,68,25.03,25.01,0.02
8,72,25.03,25.0,0.03
8,76,25.03,25.0,0.03
8,80,25.03,25.0,0.03
8,84,25.03,25.0,0.03
8,88,25.03,25.0,0.03
8,92,25.02,25.0,0.02
8,96,25.02,25.0,0.02
8,100,25.02,25.0,0.02
8,104,25.02,25.0,0.02
8,108,25.02,25.0,0.02
8,112,25.03,25.0,0.03
8,116,25.03,25.0,0.03
8,120,25.03,25.0,0.03
8,124,25.03,25.0,0.03
8,128,25.03,25.01,0.02
8,132,25.03,25.01,0.02
8,136,25.03,25.01,0.02
8,140,25.03,25.01,0.02
8,144,25.03,25.01,0.02
8,148,25.04,25.01,0.03
8,152,25.04,25.01,0.03
8,156,25.04,25.01,0.03
8,160,25.04,25.01,0.03
8,164,25.04,25.02,0.02
8,168,25.04,25.02,0.02
8,172,25.04,25.02,0.02
8,176,25.04,25.02,0.02
8,180,25.04,25.02,0.02
8,184,25.04,25.02,0.02
8,188,25.04,25.02,0.02
8,192,25.04,25.02,0.02
8,196,25.04,25.02,0.02
8,200,25.05,25.02,0.03
8,204,25.05,25.02,0.03
8,208,25.05,25.02,0.03
8,212,25.05,25.02,0.03
8,216,25.05,25.03,0.02
8,220,25.05,25.03,0.02
8,224,25.05,25.03,0.02
8,228,25.05,25.03,0.02
8,232,25.05,25.03,0.02
8,236,25.05,25.03,0.02
8,240,25.05,25.03,0.02
8,244,25.05,25.03,0.02
8,248,25.05,25.03,0.02
8,252,25.05,25.03,0.02
8,256,25.05,25.03,0.02
8,260,25.05,25.03,0.02
8,264,25.05,25.03,0.02
8,268,25.05,25.03,0.02
8,272,25.05,25.03,0.02
8,276,25.05,25.03,0.02
8,280,25.05,25.03,0.02
8,284,25.05,25.03,0.02
8,288,25.05,25.03,0.02
8,292,25.05,25.03,0.02
8,296,25.05,25.03,0.02
8,300,25.05,25.03,0.02
9,4,25.02,24.99,0.03
9,8,25.02,24.99,0.03
9,12,25.02,25.0,0.02
9,16,25.03,25.0,0.03
9,20,25.02,25.0,0.02
9,24,25.02,25.0,0.02
9,28,25.02,25.0,0.02
9,32,25.03,25.0,0.03
9,36,25.03,25.0,0.03
9,40,25.03,25.01,0.02
9,44,25.04,25.01,0.03
9,48,25.04,25.01,0.03
9,52,25.04,25.02,0.02
9,56,25.05,25.02,0.03
9,60,25.05,25.02,0.03
9,64,25.05,25.02,0.03
9,68,25.05,25.03,0.02
9,72,25.05,25.03,0.02
9,76,25.05,25.03,0.02
9,80,25.06,25.03,0.03
9,84,25.06,25.03,0.03
9,88,25.06,25.03,0.03
9,92,25.06,25.04,0.02
9,96,25.07,25.04,0.03
9,100,25.07,25.04,0.03
9,104,25.07,25.04,0.03
9,108,25.07,25.04,0.03
9,112,25.07,25.04,0.03
9,116,25.07,25.04,0.03
9,120,25.07,25.04,0.03
9,124,25.07,25.04,0.03
9,128,25.07,25.04,0.03
9,132,25.07,25.04,0.03
9,136,25.07,25.04,0.03
9,140,25.07,25.04,0.03
9,144,25.07,25.05,0.02
9,148,25.07,25.05,0.02
9,152,25.07,25.05,0.02
9,156,25.07,25.05,0.02
9,160,25.08,25.05,0.03
9,164,25.08,25.05,0.03
9,168,25.08,25.05,0.03
9,172,25.08,25.05,0.03
9,176,25.08,25.05,0.03
9,180,25.08,25.05,0.03
9,184,25.08,25.05,0.03
9,188,25.08,25.05,0.03
9,192,25.08,25.05,0.03
9,196,25.08,25.05,0.03
9,200,25.08,25.05,0.03
9,204,25.08,25.05,0.03
9,208,25.07,25.05,0.02
9,212,25.07,25.05,0.02
9,216,25.07,25.05,0.02
9,220,25.07,25.04,0.03
9,224,25.07,25.04,0.03
9,228,25.07,25.04,0.03
9,232,25.07,25.04,0.03
9,236,25.07,25.04,0.03
9,240,25.06,25.04,0.02
9,244,25.06,25.04,0.02
9,248,25.06,25.04,0.02
9,252,25.06,25.04,0.02
9,256,25.06,25.04,0.02
9,260,25.06,25.04,0.02
9,264,25.06,25.04,0.02
9,268,25.06,25.03,0.03
9,272,25.06,25.03,0.03
9,276,25.05,25.03,0.02
9,280,25.05,25.03,0.02
9,284,25.05,25.03,0.02
9,288,25.05,25.03,0.02
9,292,25.05,25.02,0.03
9,296,25.04,25.02,0.02
9,300,25.04,25.02,0.02
