Tick Start,Tick End,Shares to Purchase,Cumulative Shares
1,8,6645,6645
9,15,5415,12060
16,23,4739,16799
24,31,3425,20224
32,38,3418,23642
39,46,2694,26336
47,54,3089,29425
55,62,2642,32067
63,69,1919,33986
70,77,1727,35713
78,85,2364,38077
86,92,2133,40210
93,100,1401,41611
101,108,2067,43678
109,115,2347,46025
116,123,2382,48407
124,131,2282,50689
132,138,1485,52174
139,146,934,53108
147,154,909,54017
155,162,1732,55749
163,169,2220,57969
170,177,968,58937
178,185,813,59750
186,192,1540,61290
193,200,1379,62669
201,208,1523,64192
209,215,2246,66438
216,223,1569,68007
224,231,1289,69296
232,238,3455,72751
239,246,1725,74476
247,254,1679,76155
255,262,1339,77494
263,269,3385,80879
270,277,2611,83490
278,285,3263,86753
286,292,5531,92284
293,300,7716,100000
